{
  "AWSEBDockerrunVersion": 2,
  "volumes": [
    {
      "name": "proxy-templates",
      "host": {
        "sourcePath": "/var/app/current/proxy/templates"
      }
    },
    {
      "name": "proxy-web",
      "host": {
        "sourcePath": "/var/app/current/proxy/web"
      }
    },
    {
      "name": "grafana",
      "host": {
        "sourcePath": "/var/app/current/grafana"
      }
    }
  ],
  "containerDefinitions": [
    {
      "name": "proxy",
      "image": "nginx:1.19",
      "memoryReservation": 128,
      "essential": true,
      "portMappings": [
        {
          "hostPort": 80,
          "containerPort": 80
        }
      ],
      "links": [
        "grafana"
      ],
      "mountPoints": [
        {
          "sourceVolume": "proxy-templates",
          "containerPath": "/etc/nginx/templates",
          "readOnly": true
        },
        {
          "sourceVolume": "proxy-web",
          "containerPath": "/usr/share/nginx/html",
          "readOnly": true
        }
      ]
    },
    {
      "name": "grafana",
      "image": "safecast/grafana:latest",
      "memoryReservation": 128,
      "essential": true,
      "portMappings": [
        {
          "hostPort": 3000,
          "containerPort": 3000
        }
      ],
      "links": [
        "renderer"
      ],
      "mountPoints": [
        {
          "sourceVolume": "grafana",
          "containerPath": "/etc/grafana",
          "readOnly": true
        }
      ]
    },
    {
      "name": "renderer",
      "image": "grafana/grafana-image-renderer:2.0.0",
      "memoryReservation": 128,
      "essential": true,
      "portMappings": [
        {
          "hostPort": 8081,
          "containerPort": 8081
        }
      ],
      "mountPoints": []
    }
  ]
}
