{
  "name": "proxy",
  "image": "nginx:1.19",
  "memoryReservation": 128,
  "essential": true,
  "portMappings": [
    {
      "hostPort": 80,
      "containerPort": 80
    }
  ],
  "links": [
    "grafana"
  ],
  "mountPoints": [
    {
      "sourceVolume": "proxy-templates",
      "containerPath": "/etc/nginx/templates",
      "readOnly": true
    },
    {
      "sourceVolume": "proxy-web",
      "containerPath": "/usr/share/nginx/html",
      "readOnly": true
    }
  ]
}
{
  "name": "grafana",
  "image": "docker.pkg.github.com/safecast/reporting2/grafana:sha-5a74c18",
  "memoryReservation": 128,
  "essential": true,
  "portMappings": [
    {
      "hostPort": 3000,
      "containerPort": 3000
    }
  ],
  "links": [
    "renderer"
  ],
  "mountPoints": [
    {
      "sourceVolume": "grafana",
      "containerPath": "/etc/grafana",
      "readOnly": true
    }
  ]
}
{
  "name": "renderer",
  "image": "grafana/grafana-image-renderer:2.0.0",
  "memoryReservation": 128,
  "essential": true,
  "portMappings": [
    {
      "hostPort": 8081,
      "containerPort": 8081
    }
  ],
  "mountPoints": []
}
